date,matchday,home_team,away_team,home_score,away_score,status,stage,result
2024-08-15 17:00:00,1,Athletic Club,Getafe CF,1.0,1.0,FINISHED,REGULAR_SEASON,D
2024-08-15 19:30:00,1,Real Betis Balompié,Girona FC,1.0,1.0,FINISHED,REGULAR_SEASON,D
2024-08-16 17:00:00,1,RC Celta de Vigo,Deportivo Alavés,2.0,1.0,FINISHED,REGULAR_SEASON,H
2024-08-16 19:30:00,1,UD Las Palmas,Sevilla FC,2.0,2.0,FINISHED,REGULAR_SEASON,D
2024-08-17 17:00:00,1,CA Osasuna,CD Leganés,1.0,1.0,FINISHED,REGULAR_SEASON,D
2024-08-17 19:30:00,1,Valencia CF,FC Barcelona,1.0,2.0,FINISHED,REGULAR_SEASON,A
2024-08-18 17:00:00,1,Real Sociedad de Fútbol,Rayo Vallecano de Madrid,1.0,2.0,FINISHED,REGULAR_SEASON,A
2024-08-18 19:30:00,1,RCD Mallorca,Real Madrid CF,1.0,1.0,FINISHED,REGULAR_SEASON,D
2024-08-19 17:00:00,1,Real Valladolid CF,RCD Espanyol de Barcelona,1.0,0.0,FINISHED,REGULAR_SEASON,H
2024-08-19 19:30:00,1,Villarreal CF,Club Atlético de Madrid,2.0,2.0,FINISHED,REGULAR_SEASON,D
2024-08-23 17:00:00,2,RC Celta de Vigo,Valencia CF,3.0,1.0,FINISHED,REGULAR_SEASON,H
2024-08-23 19:30:00,2,Sevilla FC,Villarreal CF,1.0,2.0,FINISHED,REGULAR_SEASON,A
2024-08-24 15:00:00,2,CA Osasuna,RCD Mallorca,1.0,0.0,FINISHED,REGULAR_SEASON,H
2024-08-24 17:00:00,2,FC Barcelona,Athletic Club,2.0,1.0,FINISHED,REGULAR_SEASON,H
2024-08-24 19:30:00,2,Getafe CF,Rayo Vallecano de Madrid,0.0,0.0,FINISHED,REGULAR_SEASON,D
2024-08-24 19:30:00,2,RCD Espanyol de Barcelona,Real Sociedad de Fútbol,0.0,1.0,FINISHED,REGULAR_SEASON,A
2024-08-25 15:00:00,2,Real Madrid CF,Real Valladolid CF,3.0,0.0,FINISHED,REGULAR_SEASON,H
2024-08-25 17:00:00,2,CD Leganés,UD Las Palmas,2.0,1.0,FINISHED,REGULAR_SEASON,H
2024-08-25 17:15:00,2,Deportivo Alavés,Real Betis Balompié,0.0,0.0,FINISHED,REGULAR_SEASON,D
2024-08-25 19:30:00,2,Club Atlético de Madrid,Girona FC,3.0,0.0,FINISHED,REGULAR_SEASON,H
2024-08-26 19:30:00,3,Villarreal CF,RC Celta de Vigo,4.0,3.0,FINISHED,REGULAR_SEASON,H
2024-08-27 17:00:00,3,RCD Mallorca,Sevilla FC,0.0,0.0,FINISHED,REGULAR_SEASON,D
2024-08-27 19:30:00,3,Rayo Vallecano de Madrid,FC Barcelona,1.0,2.0,FINISHED,REGULAR_SEASON,A
2024-08-28 17:00:00,3,Athletic Club,Valencia CF,1.0,0.0,FINISHED,REGULAR_SEASON,H
2024-08-28 17:00:00,3,Real Valladolid CF,CD Leganés,0.0,0.0,FINISHED,REGULAR_SEASON,D
2024-08-28 19:30:00,3,Real Sociedad de Fútbol,Deportivo Alavés,1.0,2.0,FINISHED,REGULAR_SEASON,A
2024-08-28 19:30:00,3,Club Atlético de Madrid,RCD Espanyol de Barcelona,0.0,0.0,FINISHED,REGULAR_SEASON,D
2024-08-29 17:00:00,3,Girona FC,CA Osasuna,4.0,0.0,FINISHED,REGULAR_SEASON,H
2024-08-29 19:30:00,3,UD Las Palmas,Real Madrid CF,1.0,1.0,FINISHED,REGULAR_SEASON,D
2024-08-31 15:00:00,4,FC Barcelona,Real Valladolid CF,7.0,0.0,FINISHED,REGULAR_SEASON,H
2024-08-31 17:00:00,4,Athletic Club,Club Atlético de Madrid,0.0,1.0,FINISHED,REGULAR_SEASON,A
2024-08-31 17:15:00,4,RCD Espanyol de Barcelona,Rayo Vallecano de Madrid,2.0,1.0,FINISHED,REGULAR_SEASON,H
2024-08-31 19:30:00,4,CD Leganés,RCD Mallorca,0.0,1.0,FINISHED,REGULAR_SEASON,A
2024-08-31 19:30:00,4,Valencia CF,Villarreal CF,1.0,1.0,FINISHED,REGULAR_SEASON,D
2024-09-01 15:00:00,4,CA Osasuna,RC Celta de Vigo,3.0,2.0,FINISHED,REGULAR_SEASON,H
2024-09-01 15:00:00,4,Deportivo Alavés,UD Las Palmas,2.0,0.0,FINISHED,REGULAR_SEASON,H
2024-09-01 17:00:00,4,Sevilla FC,Girona FC,0.0,2.0,FINISHED,REGULAR_SEASON,A
2024-09-01 17:15:00,4,Getafe CF,Real Sociedad de Fútbol,0.0,0.0,FINISHED,REGULAR_SEASON,D
2024-09-01 19:30:00,4,Real Madrid CF,Real Betis Balompié,2.0,0.0,FINISHED,REGULAR_SEASON,H
2024-09-13 19:00:00,5,Real Betis Balompié,CD Leganés,2.0,0.0,FINISHED,REGULAR_SEASON,H
2024-09-14 12:00:00,5,RCD Mallorca,Villarreal CF,1.0,2.0,FINISHED,REGULAR_SEASON,A
2024-09-14 14:15:00,5,RCD Espanyol de Barcelona,Deportivo Alavés,3.0,2.0,FINISHED,REGULAR_SEASON,H
2024-09-14 16:30:00,5,Sevilla FC,Getafe CF,1.0,0.0,FINISHED,REGULAR_SEASON,H
2024-09-14 19:00:00,5,Real Sociedad de Fútbol,Real Madrid CF,0.0,2.0,FINISHED,REGULAR_SEASON,A
2024-09-15 12:00:00,5,RC Celta de Vigo,Real Valladolid CF,3.0,1.0,FINISHED,REGULAR_SEASON,H
2024-09-15 14:15:00,5,Girona FC,FC Barcelona,1.0,4.0,FINISHED,REGULAR_SEASON,A
2024-09-15 16:30:00,5,UD Las Palmas,Athletic Club,2.0,3.0,FINISHED,REGULAR_SEASON,A
2024-09-15 19:00:00,5,Club Atlético de Madrid,Valencia CF,3.0,0.0,FINISHED,REGULAR_SEASON,H
2024-09-16 19:00:00,5,Rayo Vallecano de Madrid,CA Osasuna,3.0,1.0,FINISHED,REGULAR_SEASON,H
2024-09-17 17:00:00,7,RCD Mallorca,Real Sociedad de Fútbol,1.0,0.0,FINISHED,REGULAR_SEASON,H
2024-09-18 17:00:00,3,Real Betis Balompié,Getafe CF,2.0,1.0,FINISHED,REGULAR_SEASON,H
2024-09-19 17:00:00,7,CD Leganés,Athletic Club,0.0,2.0,FINISHED,REGULAR_SEASON,A
2024-09-20 19:00:00,6,Deportivo Alavés,Sevilla FC,2.0,1.0,FINISHED,REGULAR_SEASON,H
2024-09-21 12:00:00,6,Real Valladolid CF,Real Sociedad de Fútbol,0.0,0.0,FINISHED,REGULAR_SEASON,D
2024-09-21 14:15:00,6,CA Osasuna,UD Las Palmas,2.0,1.0,FINISHED,REGULAR_SEASON,H
2024-09-21 16:30:00,6,Valencia CF,Girona FC,2.0,0.0,FINISHED,REGULAR_SEASON,H
2024-09-21 19:00:00,6,Real Madrid CF,RCD Espanyol de Barcelona,4.0,1.0,FINISHED,REGULAR_SEASON,H
2024-09-22 12:00:00,6,Getafe CF,CD Leganés,1.0,1.0,FINISHED,REGULAR_SEASON,D
2024-09-22 14:15:00,6,Athletic Club,RC Celta de Vigo,3.0,1.0,FINISHED,REGULAR_SEASON,H
2024-09-22 16:30:00,6,Villarreal CF,FC Barcelona,1.0,5.0,FINISHED,REGULAR_SEASON,A
2024-09-22 19:00:00,6,Rayo Vallecano de Madrid,Club Atlético de Madrid,1.0,1.0,FINISHED,REGULAR_SEASON,D
2024-09-23 19:00:00,6,Real Betis Balompié,RCD Mallorca,1.0,2.0,FINISHED,REGULAR_SEASON,A
2024-09-24 17:00:00,7,Sevilla FC,Real Valladolid CF,2.0,1.0,FINISHED,REGULAR_SEASON,H
2024-09-24 17:00:00,7,Valencia CF,CA Osasuna,0.0,0.0,FINISHED,REGULAR_SEASON,D
2024-09-24 19:00:00,7,Real Madrid CF,Deportivo Alavés,3.0,2.0,FINISHED,REGULAR_SEASON,H
2024-09-25 17:00:00,7,Girona FC,Rayo Vallecano de Madrid,0.0,0.0,FINISHED,REGULAR_SEASON,D
2024-09-25 19:00:00,7,FC Barcelona,Getafe CF,1.0,0.0,FINISHED,REGULAR_SEASON,H
2024-09-26 17:00:00,7,UD Las Palmas,Real Betis Balompié,1.0,1.0,FINISHED,REGULAR_SEASON,D
2024-09-26 17:00:00,7,RCD Espanyol de Barcelona,Villarreal CF,1.0,2.0,FINISHED,REGULAR_SEASON,A
2024-09-26 19:00:00,7,RC Celta de Vigo,Club Atlético de Madrid,0.0,1.0,FINISHED,REGULAR_SEASON,A
2024-09-27 19:00:00,8,Real Valladolid CF,RCD Mallorca,1.0,2.0,FINISHED,REGULAR_SEASON,A
2024-09-28 12:00:00,8,Getafe CF,Deportivo Alavés,2.0,0.0,FINISHED,REGULAR_SEASON,H
2024-09-28 14:15:00,8,Rayo Vallecano de Madrid,CD Leganés,1.0,1.0,FINISHED,REGULAR_SEASON,D
2024-09-28 16:30:00,8,Real Sociedad de Fútbol,Valencia CF,3.0,0.0,FINISHED,REGULAR_SEASON,H
2024-09-28 19:00:00,8,CA Osasuna,FC Barcelona,4.0,2.0,FINISHED,REGULAR_SEASON,H
2024-09-29 12:00:00,8,RC Celta de Vigo,Girona FC,1.0,1.0,FINISHED,REGULAR_SEASON,D
2024-09-29 14:15:00,8,Athletic Club,Sevilla FC,1.0,1.0,FINISHED,REGULAR_SEASON,D
2024-09-29 16:30:00,8,Real Betis Balompié,RCD Espanyol de Barcelona,1.0,0.0,FINISHED,REGULAR_SEASON,H
2024-09-29 19:00:00,8,Club Atlético de Madrid,Real Madrid CF,1.0,1.0,FINISHED,REGULAR_SEASON,D
2024-09-30 19:00:00,8,Villarreal CF,UD Las Palmas,3.0,1.0,FINISHED,REGULAR_SEASON,H
2024-10-04 19:00:00,9,CD Leganés,Valencia CF,0.0,0.0,FINISHED,REGULAR_SEASON,D
2024-10-05 12:00:00,9,RCD Espanyol de Barcelona,RCD Mallorca,2.0,1.0,FINISHED,REGULAR_SEASON,H
2024-10-05 14:15:00,9,Getafe CF,CA Osasuna,1.0,1.0,FINISHED,REGULAR_SEASON,D
2024-10-05 16:30:00,9,Real Valladolid CF,Rayo Vallecano de Madrid,1.0,2.0,FINISHED,REGULAR_SEASON,A
2024-10-05 16:30:00,9,UD Las Palmas,RC Celta de Vigo,0.0,1.0,FINISHED,REGULAR_SEASON,A
2024-10-05 19:00:00,9,Real Madrid CF,Villarreal CF,2.0,0.0,FINISHED,REGULAR_SEASON,H
2024-10-06 12:00:00,9,Girona FC,Athletic Club,2.0,1.0,FINISHED,REGULAR_SEASON,H
2024-10-06 14:15:00,9,Deportivo Alavés,FC Barcelona,0.0,3.0,FINISHED,REGULAR_SEASON,A
2024-10-06 16:30:00,9,Sevilla FC,Real Betis Balompié,1.0,0.0,FINISHED,REGULAR_SEASON,H
2024-10-06 19:00:00,9,Real Sociedad de Fútbol,Club Atlético de Madrid,1.0,1.0,FINISHED,REGULAR_SEASON,D
2024-10-18 19:00:00,10,Deportivo Alavés,Real Valladolid CF,2.0,3.0,FINISHED,REGULAR_SEASON,A
2024-10-19 12:00:00,10,Athletic Club,RCD Espanyol de Barcelona,4.0,1.0,FINISHED,REGULAR_SEASON,H
2024-10-19 14:15:00,10,CA Osasuna,Real Betis Balompié,1.0,2.0,FINISHED,REGULAR_SEASON,A
2024-10-19 16:30:00,10,Girona FC,Real Sociedad de Fútbol,0.0,1.0,FINISHED,REGULAR_SEASON,A
2024-10-19 19:00:00,10,RC Celta de Vigo,Real Madrid CF,1.0,2.0,FINISHED,REGULAR_SEASON,A
2024-10-20 12:00:00,10,RCD Mallorca,Rayo Vallecano de Madrid,1.0,0.0,FINISHED,REGULAR_SEASON,H
2024-10-20 14:15:00,10,Club Atlético de Madrid,CD Leganés,3.0,1.0,FINISHED,REGULAR_SEASON,H
2024-10-20 16:30:00,10,Villarreal CF,Getafe CF,1.0,1.0,FINISHED,REGULAR_SEASON,D
2024-10-20 19:00:00,10,FC Barcelona,Sevilla FC,5.0,1.0,FINISHED,REGULAR_SEASON,H
2024-10-21 19:00:00,10,Valencia CF,UD Las Palmas,2.0,3.0,FINISHED,REGULAR_SEASON,A
2024-10-25 19:00:00,11,RCD Espanyol de Barcelona,Sevilla FC,0.0,2.0,FINISHED,REGULAR_SEASON,A
2024-10-26 12:00:00,11,Real Valladolid CF,Villarreal CF,1.0,2.0,FINISHED,REGULAR_SEASON,A
2024-10-26 14:15:00,11,Rayo Vallecano de Madrid,Deportivo Alavés,1.0,0.0,FINISHED,REGULAR_SEASON,H
2024-10-26 16:30:00,11,UD Las Palmas,Girona FC,1.0,0.0,FINISHED,REGULAR_SEASON,H
2024-10-26 19:00:00,11,Real Madrid CF,FC Barcelona,0.0,4.0,FINISHED,REGULAR_SEASON,A
2024-10-27 13:00:00,11,CD Leganés,RC Celta de Vigo,3.0,0.0,FINISHED,REGULAR_SEASON,H
2024-10-27 15:15:00,11,Getafe CF,Valencia CF,1.0,1.0,FINISHED,REGULAR_SEASON,D
2024-10-27 17:30:00,11,Real Betis Balompié,Club Atlético de Madrid,1.0,0.0,FINISHED,REGULAR_SEASON,H
2024-10-27 20:00:00,11,Real Sociedad de Fútbol,CA Osasuna,0.0,2.0,FINISHED,REGULAR_SEASON,A
2024-10-28 20:00:00,11,RCD Mallorca,Athletic Club,0.0,0.0,FINISHED,REGULAR_SEASON,D
2024-11-01 20:00:00,12,Deportivo Alavés,RCD Mallorca,1.0,0.0,FINISHED,REGULAR_SEASON,H
2024-11-02 13:00:00,12,CA Osasuna,Real Valladolid CF,1.0,0.0,FINISHED,REGULAR_SEASON,H
2024-11-02 15:15:00,12,Girona FC,CD Leganés,4.0,3.0,FINISHED,REGULAR_SEASON,H
2024-11-03 13:00:00,12,Club Atlético de Madrid,UD Las Palmas,2.0,0.0,FINISHED,REGULAR_SEASON,H
2024-11-03 15:15:00,12,FC Barcelona,RCD Espanyol de Barcelona,3.0,1.0,FINISHED,REGULAR_SEASON,H
2024-11-03 17:30:00,12,Sevilla FC,Real Sociedad de Fútbol,0.0,2.0,FINISHED,REGULAR_SEASON,A
2024-11-03 20:00:00,12,Athletic Club,Real Betis Balompié,1.0,1.0,FINISHED,REGULAR_SEASON,D
2024-11-04 20:00:00,12,RC Celta de Vigo,Getafe CF,1.0,0.0,FINISHED,REGULAR_SEASON,H
2024-11-08 20:00:00,13,Rayo Vallecano de Madrid,UD Las Palmas,1.0,3.0,FINISHED,REGULAR_SEASON,A
2024-11-09 13:00:00,13,Real Madrid CF,CA Osasuna,4.0,0.0,FINISHED,REGULAR_SEASON,H
2024-11-09 15:15:00,13,Villarreal CF,Deportivo Alavés,3.0,0.0,FINISHED,REGULAR_SEASON,H
2024-11-09 20:00:00,13,CD Leganés,Sevilla FC,1.0,0.0,FINISHED,REGULAR_SEASON,H
2024-11-10 13:00:00,13,Real Betis Balompié,RC Celta de Vigo,2.0,2.0,FINISHED,REGULAR_SEASON,D
2024-11-10 15:15:00,13,RCD Mallorca,Club Atlético de Madrid,0.0,1.0,FINISHED,REGULAR_SEASON,A
2024-11-10 17:30:00,13,Getafe CF,Girona FC,0.0,1.0,FINISHED,REGULAR_SEASON,A
2024-11-10 17:30:00,13,Real Valladolid CF,Athletic Club,1.0,1.0,FINISHED,REGULAR_SEASON,D
2024-11-10 20:00:00,13,Real Sociedad de Fútbol,FC Barcelona,1.0,0.0,FINISHED,REGULAR_SEASON,H
2024-11-22 20:00:00,14,Getafe CF,Real Valladolid CF,2.0,0.0,FINISHED,REGULAR_SEASON,H
2024-11-23 13:00:00,14,Valencia CF,Real Betis Balompié,4.0,2.0,FINISHED,REGULAR_SEASON,H
2024-11-23 15:15:00,14,Club Atlético de Madrid,Deportivo Alavés,2.0,1.0,FINISHED,REGULAR_SEASON,H
2024-11-23 17:30:00,14,UD Las Palmas,RCD Mallorca,2.0,3.0,FINISHED,REGULAR_SEASON,A
2024-11-23 17:30:00,14,Girona FC,RCD Espanyol de Barcelona,4.0,1.0,FINISHED,REGULAR_SEASON,H
2024-11-23 20:00:00,14,RC Celta de Vigo,FC Barcelona,2.0,2.0,FINISHED,REGULAR_SEASON,D
2024-11-24 13:00:00,14,CA Osasuna,Villarreal CF,2.0,2.0,FINISHED,REGULAR_SEASON,D
2024-11-24 15:15:00,14,Sevilla FC,Rayo Vallecano de Madrid,1.0,0.0,FINISHED,REGULAR_SEASON,H
2024-11-24 17:30:00,14,CD Leganés,Real Madrid CF,0.0,3.0,FINISHED,REGULAR_SEASON,A
2024-11-24 20:00:00,14,Athletic Club,Real Sociedad de Fútbol,1.0,0.0,FINISHED,REGULAR_SEASON,H
2024-11-29 20:00:00,15,RCD Mallorca,Valencia CF,2.0,1.0,FINISHED,REGULAR_SEASON,H
2024-11-30 13:00:00,15,FC Barcelona,UD Las Palmas,1.0,2.0,FINISHED,REGULAR_SEASON,A
2024-11-30 15:15:00,15,Deportivo Alavés,CD Leganés,1.0,1.0,FINISHED,REGULAR_SEASON,D
2024-11-30 17:30:00,15,RCD Espanyol de Barcelona,RC Celta de Vigo,3.0,1.0,FINISHED,REGULAR_SEASON,H
2024-11-30 20:00:00,15,Real Valladolid CF,Club Atlético de Madrid,0.0,5.0,FINISHED,REGULAR_SEASON,A
2024-12-01 13:00:00,15,Villarreal CF,Girona FC,2.0,2.0,FINISHED,REGULAR_SEASON,D
2024-12-01 15:15:00,15,Real Madrid CF,Getafe CF,2.0,0.0,FINISHED,REGULAR_SEASON,H
2024-12-01 17:30:00,15,Rayo Vallecano de Madrid,Athletic Club,1.0,2.0,FINISHED,REGULAR_SEASON,A
2024-12-01 20:00:00,15,Real Sociedad de Fútbol,Real Betis Balompié,2.0,0.0,FINISHED,REGULAR_SEASON,H
2024-12-02 20:00:00,15,Sevilla FC,CA Osasuna,1.0,1.0,FINISHED,REGULAR_SEASON,D
2024-12-03 18:00:00,19,RCD Mallorca,FC Barcelona,1.0,5.0,FINISHED,REGULAR_SEASON,A
2024-12-04 20:00:00,19,Athletic Club,Real Madrid CF,2.0,1.0,FINISHED,REGULAR_SEASON,H
2024-12-06 20:00:00,16,RC Celta de Vigo,RCD Mallorca,2.0,0.0,FINISHED,REGULAR_SEASON,H
2024-12-07 13:00:00,16,UD Las Palmas,Real Valladolid CF,2.0,1.0,FINISHED,REGULAR_SEASON,H
2024-12-07 15:15:00,16,Real Betis Balompié,FC Barcelona,2.0,2.0,FINISHED,REGULAR_SEASON,D
2024-12-07 17:30:00,16,Valencia CF,Rayo Vallecano de Madrid,0.0,1.0,FINISHED,REGULAR_SEASON,A
2024-12-07 20:00:00,16,Girona FC,Real Madrid CF,0.0,3.0,FINISHED,REGULAR_SEASON,A
2024-12-08 13:00:00,16,CD Leganés,Real Sociedad de Fútbol,0.0,3.0,FINISHED,REGULAR_SEASON,A
2024-12-08 15:15:00,16,Athletic Club,Villarreal CF,2.0,0.0,FINISHED,REGULAR_SEASON,H
2024-12-08 17:30:00,16,CA Osasuna,Deportivo Alavés,2.0,2.0,FINISHED,REGULAR_SEASON,D
2024-12-08 20:00:00,16,Club Atlético de Madrid,Sevilla FC,4.0,3.0,FINISHED,REGULAR_SEASON,H
2024-12-09 20:00:00,16,Getafe CF,RCD Espanyol de Barcelona,1.0,0.0,FINISHED,REGULAR_SEASON,H
2024-12-13 20:00:00,17,Real Valladolid CF,Valencia CF,1.0,0.0,FINISHED,REGULAR_SEASON,H
2024-12-14 13:00:00,17,RCD Espanyol de Barcelona,CA Osasuna,0.0,0.0,FINISHED,REGULAR_SEASON,D
2024-12-14 15:15:00,17,RCD Mallorca,Girona FC,2.0,1.0,FINISHED,REGULAR_SEASON,H
2024-12-14 17:30:00,17,Sevilla FC,RC Celta de Vigo,1.0,0.0,FINISHED,REGULAR_SEASON,H
2024-12-14 20:00:00,17,Rayo Vallecano de Madrid,Real Madrid CF,3.0,3.0,FINISHED,REGULAR_SEASON,D
2024-12-15 13:00:00,17,Club Atlético de Madrid,Getafe CF,1.0,0.0,FINISHED,REGULAR_SEASON,H
2024-12-15 15:15:00,17,Deportivo Alavés,Athletic Club,1.0,1.0,FINISHED,REGULAR_SEASON,D
2024-12-15 17:30:00,17,Villarreal CF,Real Betis Balompié,1.0,2.0,FINISHED,REGULAR_SEASON,A
2024-12-15 17:30:00,17,Real Sociedad de Fútbol,UD Las Palmas,0.0,0.0,FINISHED,REGULAR_SEASON,D
2024-12-15 20:00:00,17,FC Barcelona,CD Leganés,0.0,1.0,FINISHED,REGULAR_SEASON,A
2024-12-18 20:30:00,12,Villarreal CF,Rayo Vallecano de Madrid,1.0,1.0,FINISHED,REGULAR_SEASON,D
2024-12-18 20:30:00,13,RCD Espanyol de Barcelona,Valencia CF,1.0,1.0,FINISHED,REGULAR_SEASON,D
2024-12-20 20:00:00,18,Girona FC,Real Valladolid CF,3.0,0.0,FINISHED,REGULAR_SEASON,H
2024-12-21 13:00:00,18,Getafe CF,RCD Mallorca,0.0,1.0,FINISHED,REGULAR_SEASON,A
2024-12-21 15:15:00,18,RC Celta de Vigo,Real Sociedad de Fútbol,2.0,0.0,FINISHED,REGULAR_SEASON,H
2024-12-21 17:30:00,18,CA Osasuna,Athletic Club,1.0,2.0,FINISHED,REGULAR_SEASON,A
2024-12-21 20:00:00,18,FC Barcelona,Club Atlético de Madrid,1.0,2.0,FINISHED,REGULAR_SEASON,A
2024-12-22 13:00:00,18,Valencia CF,Deportivo Alavés,2.0,2.0,FINISHED,REGULAR_SEASON,D
2024-12-22 15:15:00,18,Real Madrid CF,Sevilla FC,4.0,2.0,FINISHED,REGULAR_SEASON,H
2024-12-22 17:30:00,18,CD Leganés,Villarreal CF,2.0,5.0,FINISHED,REGULAR_SEASON,A
2024-12-22 17:30:00,18,UD Las Palmas,RCD Espanyol de Barcelona,1.0,0.0,FINISHED,REGULAR_SEASON,H
2024-12-22 20:00:00,18,Real Betis Balompié,Rayo Vallecano de Madrid,1.0,1.0,FINISHED,REGULAR_SEASON,D
2025-01-03 20:00:00,12,Valencia CF,Real Madrid CF,1.0,2.0,FINISHED,REGULAR_SEASON,A
2025-01-10 20:00:00,19,Rayo Vallecano de Madrid,RC Celta de Vigo,2.0,1.0,FINISHED,REGULAR_SEASON,H
2025-01-11 13:00:00,19,Deportivo Alavés,Girona FC,0.0,1.0,FINISHED,REGULAR_SEASON,A
2025-01-11 15:15:00,19,Real Valladolid CF,Real Betis Balompié,1.0,0.0,FINISHED,REGULAR_SEASON,H
2025-01-11 17:30:00,19,RCD Espanyol de Barcelona,CD Leganés,1.0,1.0,FINISHED,REGULAR_SEASON,D
2025-01-11 20:00:00,19,Sevilla FC,Valencia CF,1.0,1.0,FINISHED,REGULAR_SEASON,D
2025-01-12 13:00:00,19,UD Las Palmas,Getafe CF,1.0,2.0,FINISHED,REGULAR_SEASON,A
2025-01-12 15:15:00,19,Club Atlético de Madrid,CA Osasuna,1.0,0.0,FINISHED,REGULAR_SEASON,H
2025-01-13 20:00:00,19,Real Sociedad de Fútbol,Villarreal CF,1.0,0.0,FINISHED,REGULAR_SEASON,H
2025-01-17 20:00:00,20,RCD Espanyol de Barcelona,Real Valladolid CF,2.0,1.0,FINISHED,REGULAR_SEASON,H
2025-01-18 13:00:00,20,Girona FC,Sevilla FC,1.0,2.0,FINISHED,REGULAR_SEASON,A
2025-01-18 15:15:00,20,CD Leganés,Club Atlético de Madrid,1.0,0.0,FINISHED,REGULAR_SEASON,H
2025-01-18 17:30:00,20,Real Betis Balompié,Deportivo Alavés,1.0,3.0,FINISHED,REGULAR_SEASON,A
2025-01-18 20:00:00,20,Getafe CF,FC Barcelona,1.0,1.0,FINISHED,REGULAR_SEASON,D
2025-01-19 13:00:00,20,RC Celta de Vigo,Athletic Club,1.0,2.0,FINISHED,REGULAR_SEASON,A
2025-01-19 15:15:00,20,Real Madrid CF,UD Las Palmas,4.0,1.0,FINISHED,REGULAR_SEASON,H
2025-01-19 17:30:00,20,CA Osasuna,Rayo Vallecano de Madrid,1.0,1.0,FINISHED,REGULAR_SEASON,D
2025-01-19 20:00:00,20,Valencia CF,Real Sociedad de Fútbol,1.0,0.0,FINISHED,REGULAR_SEASON,H
2025-01-20 20:00:00,20,Villarreal CF,RCD Mallorca,4.0,0.0,FINISHED,REGULAR_SEASON,H
2025-01-24 20:00:00,21,UD Las Palmas,CA Osasuna,1.0,1.0,FINISHED,REGULAR_SEASON,D
2025-01-25 13:00:00,21,RCD Mallorca,Real Betis Balompié,0.0,1.0,FINISHED,REGULAR_SEASON,A
2025-01-25 15:15:00,21,Club Atlético de Madrid,Villarreal CF,1.0,1.0,FINISHED,REGULAR_SEASON,D
2025-01-25 17:30:00,21,Sevilla FC,RCD Espanyol de Barcelona,1.0,1.0,FINISHED,REGULAR_SEASON,D
2025-01-25 20:00:00,21,Real Valladolid CF,Real Madrid CF,0.0,3.0,FINISHED,REGULAR_SEASON,A
2025-01-26 13:00:00,21,Rayo Vallecano de Madrid,Girona FC,2.0,1.0,FINISHED,REGULAR_SEASON,H
2025-01-26 15:15:00,21,Real Sociedad de Fútbol,Getafe CF,0.0,3.0,FINISHED,REGULAR_SEASON,A
2025-01-26 17:30:00,21,Athletic Club,CD Leganés,0.0,0.0,FINISHED,REGULAR_SEASON,D
2025-01-26 20:00:00,21,FC Barcelona,Valencia CF,7.0,1.0,FINISHED,REGULAR_SEASON,H
2025-01-27 20:00:00,21,Deportivo Alavés,RC Celta de Vigo,1.0,1.0,FINISHED,REGULAR_SEASON,D
2025-01-31 20:00:00,22,CD Leganés,Rayo Vallecano de Madrid,0.0,1.0,FINISHED,REGULAR_SEASON,A
2025-02-01 13:00:00,22,Getafe CF,Sevilla FC,0.0,0.0,FINISHED,REGULAR_SEASON,D
2025-02-01 15:15:00,22,Villarreal CF,Real Valladolid CF,5.0,1.0,FINISHED,REGULAR_SEASON,H
2025-02-01 17:30:00,22,Club Atlético de Madrid,RCD Mallorca,2.0,0.0,FINISHED,REGULAR_SEASON,H
2025-02-01 20:00:00,22,RCD Espanyol de Barcelona,Real Madrid CF,1.0,0.0,FINISHED,REGULAR_SEASON,H
2025-02-02 13:00:00,22,FC Barcelona,Deportivo Alavés,1.0,0.0,FINISHED,REGULAR_SEASON,H
2025-02-02 15:15:00,22,Valencia CF,RC Celta de Vigo,2.0,1.0,FINISHED,REGULAR_SEASON,H
2025-02-02 17:30:00,22,CA Osasuna,Real Sociedad de Fútbol,2.0,1.0,FINISHED,REGULAR_SEASON,H
2025-02-02 20:00:00,22,Real Betis Balompié,Athletic Club,2.0,2.0,FINISHED,REGULAR_SEASON,D
2025-02-03 20:00:00,22,Girona FC,UD Las Palmas,2.0,1.0,FINISHED,REGULAR_SEASON,H
2025-02-07 20:00:00,23,Rayo Vallecano de Madrid,Real Valladolid CF,1.0,0.0,FINISHED,REGULAR_SEASON,H
2025-02-08 13:00:00,23,RC Celta de Vigo,Real Betis Balompié,3.0,2.0,FINISHED,REGULAR_SEASON,H
2025-02-08 15:15:00,23,Athletic Club,Girona FC,3.0,0.0,FINISHED,REGULAR_SEASON,H
2025-02-08 17:30:00,23,UD Las Palmas,Villarreal CF,1.0,2.0,FINISHED,REGULAR_SEASON,A
2025-02-08 20:00:00,23,Real Madrid CF,Club Atlético de Madrid,1.0,1.0,FINISHED,REGULAR_SEASON,D
2025-02-09 13:00:00,23,Deportivo Alavés,Getafe CF,0.0,1.0,FINISHED,REGULAR_SEASON,A
2025-02-09 15:15:00,23,Valencia CF,CD Leganés,2.0,0.0,FINISHED,REGULAR_SEASON,H
2025-02-09 17:30:00,23,Real Sociedad de Fútbol,RCD Espanyol de Barcelona,2.0,1.0,FINISHED,REGULAR_SEASON,H
2025-02-09 20:00:00,23,Sevilla FC,FC Barcelona,1.0,4.0,FINISHED,REGULAR_SEASON,A
2025-02-10 20:00:00,23,RCD Mallorca,CA Osasuna,1.0,1.0,FINISHED,REGULAR_SEASON,D
2025-02-14 20:00:00,24,Girona FC,Getafe CF,1.0,2.0,FINISHED,REGULAR_SEASON,A
2025-02-15 13:00:00,24,CD Leganés,Deportivo Alavés,3.0,3.0,FINISHED,REGULAR_SEASON,D
2025-02-15 15:15:00,24,CA Osasuna,Real Madrid CF,1.0,1.0,FINISHED,REGULAR_SEASON,D
2025-02-15 17:30:00,24,Club Atlético de Madrid,RC Celta de Vigo,1.0,1.0,FINISHED,REGULAR_SEASON,D
2025-02-15 20:00:00,24,Villarreal CF,Valencia CF,1.0,1.0,FINISHED,REGULAR_SEASON,D
2025-02-16 13:00:00,24,RCD Espanyol de Barcelona,Athletic Club,1.0,1.0,FINISHED,REGULAR_SEASON,D
2025-02-16 15:15:00,24,Real Valladolid CF,Sevilla FC,0.0,4.0,FINISHED,REGULAR_SEASON,A
2025-02-16 17:30:00,24,RCD Mallorca,UD Las Palmas,3.0,1.0,FINISHED,REGULAR_SEASON,H
2025-02-16 20:00:00,24,Real Betis Balompié,Real Sociedad de Fútbol,3.0,0.0,FINISHED,REGULAR_SEASON,H
2025-02-17 20:00:00,24,FC Barcelona,Rayo Vallecano de Madrid,1.0,0.0,FINISHED,REGULAR_SEASON,H
2025-02-21 20:00:00,25,RC Celta de Vigo,CA Osasuna,1.0,0.0,FINISHED,REGULAR_SEASON,H
2025-02-22 13:00:00,25,Deportivo Alavés,RCD Espanyol de Barcelona,0.0,1.0,FINISHED,REGULAR_SEASON,A
2025-02-22 15:15:00,25,Rayo Vallecano de Madrid,Villarreal CF,0.0,1.0,FINISHED,REGULAR_SEASON,A
2025-02-22 17:30:00,25,Valencia CF,Club Atlético de Madrid,0.0,3.0,FINISHED,REGULAR_SEASON,A
2025-02-22 20:00:00,25,UD Las Palmas,FC Barcelona,0.0,2.0,FINISHED,REGULAR_SEASON,A
2025-02-23 13:00:00,25,Athletic Club,Real Valladolid CF,7.0,1.0,FINISHED,REGULAR_SEASON,H
2025-02-23 15:15:00,25,Real Madrid CF,Girona FC,2.0,0.0,FINISHED,REGULAR_SEASON,H
2025-02-23 17:30:00,25,Getafe CF,Real Betis Balompié,1.0,2.0,FINISHED,REGULAR_SEASON,A
2025-02-23 20:00:00,25,Real Sociedad de Fútbol,CD Leganés,3.0,0.0,FINISHED,REGULAR_SEASON,H
2025-02-24 20:00:00,25,Sevilla FC,RCD Mallorca,1.0,1.0,FINISHED,REGULAR_SEASON,D
2025-02-28 20:00:00,26,Real Valladolid CF,UD Las Palmas,1.0,1.0,FINISHED,REGULAR_SEASON,D
2025-03-01 13:00:00,26,Girona FC,RC Celta de Vigo,2.0,2.0,FINISHED,REGULAR_SEASON,D
2025-03-01 15:15:00,26,Rayo Vallecano de Madrid,Sevilla FC,1.0,1.0,FINISHED,REGULAR_SEASON,D
2025-03-01 17:30:00,26,Real Betis Balompié,Real Madrid CF,2.0,1.0,FINISHED,REGULAR_SEASON,H
2025-03-01 20:00:00,26,Club Atlético de Madrid,Athletic Club,1.0,0.0,FINISHED,REGULAR_SEASON,H
2025-03-02 13:00:00,26,CD Leganés,Getafe CF,1.0,0.0,FINISHED,REGULAR_SEASON,H
2025-03-02 15:15:00,26,FC Barcelona,Real Sociedad de Fútbol,4.0,0.0,FINISHED,REGULAR_SEASON,H
2025-03-02 17:30:00,26,RCD Mallorca,Deportivo Alavés,1.0,1.0,FINISHED,REGULAR_SEASON,D
2025-03-02 20:00:00,26,CA Osasuna,Valencia CF,3.0,3.0,FINISHED,REGULAR_SEASON,D
2025-03-08 00:00:00,27,FC Barcelona,CA Osasuna,0.0,0.0,TIMED,REGULAR_SEASON,D
2025-03-08 13:00:00,27,RC Celta de Vigo,CD Leganés,2.0,1.0,FINISHED,REGULAR_SEASON,H
2025-03-08 15:15:00,27,Deportivo Alavés,Villarreal CF,1.0,0.0,FINISHED,REGULAR_SEASON,H
2025-03-08 17:30:00,27,Valencia CF,Real Valladolid CF,2.0,1.0,FINISHED,REGULAR_SEASON,H
2025-03-09 13:00:00,27,Getafe CF,Club Atlético de Madrid,2.0,1.0,FINISHED,REGULAR_SEASON,H
2025-03-09 15:15:00,27,Real Madrid CF,Rayo Vallecano de Madrid,2.0,1.0,FINISHED,REGULAR_SEASON,H
2025-03-09 17:30:00,27,Athletic Club,RCD Mallorca,1.0,1.0,FINISHED,REGULAR_SEASON,D
2025-03-09 17:30:00,27,Real Betis Balompié,UD Las Palmas,1.0,0.0,FINISHED,REGULAR_SEASON,H
2025-03-09 20:00:00,27,Real Sociedad de Fútbol,Sevilla FC,0.0,1.0,FINISHED,REGULAR_SEASON,A
2025-03-10 20:00:00,27,RCD Espanyol de Barcelona,Girona FC,1.0,1.0,FINISHED,REGULAR_SEASON,D
2025-03-14 20:00:00,28,UD Las Palmas,Deportivo Alavés,2.0,2.0,FINISHED,REGULAR_SEASON,D
2025-03-15 13:00:00,28,Real Valladolid CF,RC Celta de Vigo,0.0,1.0,FINISHED,REGULAR_SEASON,A
2025-03-15 15:15:00,28,RCD Mallorca,RCD Espanyol de Barcelona,2.0,1.0,FINISHED,REGULAR_SEASON,H
2025-03-15 17:30:00,28,Villarreal CF,Real Madrid CF,1.0,2.0,FINISHED,REGULAR_SEASON,A
2025-03-15 20:00:00,28,Girona FC,Valencia CF,1.0,1.0,FINISHED,REGULAR_SEASON,D
2025-03-16 13:00:00,28,CD Leganés,Real Betis Balompié,2.0,3.0,FINISHED,REGULAR_SEASON,A
2025-03-16 15:15:00,28,Sevilla FC,Athletic Club,0.0,1.0,FINISHED,REGULAR_SEASON,A
2025-03-16 17:30:00,28,CA Osasuna,Getafe CF,1.0,2.0,FINISHED,REGULAR_SEASON,A
2025-03-16 17:30:00,28,Rayo Vallecano de Madrid,Real Sociedad de Fútbol,2.0,2.0,FINISHED,REGULAR_SEASON,D
2025-03-16 20:00:00,28,Club Atlético de Madrid,FC Barcelona,2.0,4.0,FINISHED,REGULAR_SEASON,A
2025-03-28 20:00:00,29,Athletic Club,CA Osasuna,,,TIMED,REGULAR_SEASON,D
2025-03-29 13:00:00,29,Real Sociedad de Fútbol,Real Valladolid CF,,,TIMED,REGULAR_SEASON,D
2025-03-29 15:15:00,29,RCD Espanyol de Barcelona,Club Atlético de Madrid,,,TIMED,REGULAR_SEASON,D
2025-03-29 17:30:00,29,Deportivo Alavés,Rayo Vallecano de Madrid,,,TIMED,REGULAR_SEASON,D
2025-03-29 20:00:00,29,Real Madrid CF,CD Leganés,,,TIMED,REGULAR_SEASON,D
2025-03-30 12:00:00,29,Getafe CF,Villarreal CF,,,TIMED,REGULAR_SEASON,D
2025-03-30 14:15:00,29,FC Barcelona,Girona FC,,,TIMED,REGULAR_SEASON,D
2025-03-30 16:30:00,29,Valencia CF,RCD Mallorca,,,TIMED,REGULAR_SEASON,D
2025-03-30 19:00:00,29,Real Betis Balompié,Sevilla FC,,,TIMED,REGULAR_SEASON,D
2025-03-31 19:00:00,29,RC Celta de Vigo,UD Las Palmas,,,TIMED,REGULAR_SEASON,D
2025-04-04 19:00:00,30,Rayo Vallecano de Madrid,RCD Espanyol de Barcelona,,,TIMED,REGULAR_SEASON,D
2025-04-05 12:00:00,30,Girona FC,Deportivo Alavés,,,TIMED,REGULAR_SEASON,D
2025-04-05 14:15:00,30,Real Madrid CF,Valencia CF,,,TIMED,REGULAR_SEASON,D
2025-04-05 16:30:00,30,RCD Mallorca,RC Celta de Vigo,,,TIMED,REGULAR_SEASON,D
2025-04-05 19:00:00,30,FC Barcelona,Real Betis Balompié,,,TIMED,REGULAR_SEASON,D
2025-04-06 12:00:00,30,UD Las Palmas,Real Sociedad de Fútbol,,,TIMED,REGULAR_SEASON,D
2025-04-06 14:15:00,30,Sevilla FC,Club Atlético de Madrid,,,TIMED,REGULAR_SEASON,D
2025-04-06 16:30:00,30,Real Valladolid CF,Getafe CF,,,TIMED,REGULAR_SEASON,D
2025-04-06 19:00:00,30,Villarreal CF,Athletic Club,,,TIMED,REGULAR_SEASON,D
2025-04-07 19:00:00,30,CD Leganés,CA Osasuna,,,TIMED,REGULAR_SEASON,D
2025-04-09 00:00:00,26,Villarreal CF,RCD Espanyol de Barcelona,0.0,0.0,SCHEDULED,REGULAR_SEASON,D
2025-04-13 00:00:00,31,Athletic Club,Rayo Vallecano de Madrid,,,TIMED,REGULAR_SEASON,D
2025-04-13 00:00:00,31,Club Atlético de Madrid,Real Valladolid CF,,,TIMED,REGULAR_SEASON,D
2025-04-13 00:00:00,31,Real Betis Balompié,Villarreal CF,,,TIMED,REGULAR_SEASON,D
2025-04-13 00:00:00,31,CA Osasuna,Girona FC,,,TIMED,REGULAR_SEASON,D
2025-04-13 00:00:00,31,CD Leganés,FC Barcelona,,,TIMED,REGULAR_SEASON,D
2025-04-13 00:00:00,31,Deportivo Alavés,Real Madrid CF,,,TIMED,REGULAR_SEASON,D
2025-04-13 00:00:00,31,Getafe CF,UD Las Palmas,,,TIMED,REGULAR_SEASON,D
2025-04-13 00:00:00,31,Valencia CF,Sevilla FC,,,TIMED,REGULAR_SEASON,D
2025-04-13 00:00:00,31,Real Sociedad de Fútbol,RCD Mallorca,,,TIMED,REGULAR_SEASON,D
2025-04-13 00:00:00,31,RC Celta de Vigo,RCD Espanyol de Barcelona,,,TIMED,REGULAR_SEASON,D
2025-04-20 00:00:00,32,FC Barcelona,RC Celta de Vigo,,,SCHEDULED,REGULAR_SEASON,D
2025-04-20 00:00:00,32,Girona FC,Real Betis Balompié,,,SCHEDULED,REGULAR_SEASON,D
2025-04-20 00:00:00,32,Sevilla FC,Deportivo Alavés,,,SCHEDULED,REGULAR_SEASON,D
2025-04-20 00:00:00,32,Villarreal CF,Real Sociedad de Fútbol,,,SCHEDULED,REGULAR_SEASON,D
2025-04-20 00:00:00,32,Rayo Vallecano de Madrid,Valencia CF,,,SCHEDULED,REGULAR_SEASON,D
2025-04-20 00:00:00,32,RCD Mallorca,CD Leganés,,,SCHEDULED,REGULAR_SEASON,D
2025-04-20 00:00:00,32,Real Madrid CF,Athletic Club,,,SCHEDULED,REGULAR_SEASON,D
2025-04-20 00:00:00,32,Real Valladolid CF,CA Osasuna,,,SCHEDULED,REGULAR_SEASON,D
2025-04-20 00:00:00,32,UD Las Palmas,Club Atlético de Madrid,,,SCHEDULED,REGULAR_SEASON,D
2025-04-20 00:00:00,32,RCD Espanyol de Barcelona,Getafe CF,,,SCHEDULED,REGULAR_SEASON,D
2025-04-23 00:00:00,33,Athletic Club,UD Las Palmas,,,SCHEDULED,REGULAR_SEASON,D
2025-04-23 00:00:00,33,Club Atlético de Madrid,Rayo Vallecano de Madrid,,,SCHEDULED,REGULAR_SEASON,D
2025-04-23 00:00:00,33,Real Betis Balompié,Real Valladolid CF,,,SCHEDULED,REGULAR_SEASON,D
2025-04-23 00:00:00,33,CA Osasuna,Sevilla FC,,,SCHEDULED,REGULAR_SEASON,D
2025-04-23 00:00:00,33,CD Leganés,Girona FC,,,SCHEDULED,REGULAR_SEASON,D
2025-04-23 00:00:00,33,RC Celta de Vigo,Villarreal CF,,,SCHEDULED,REGULAR_SEASON,D
2025-04-23 00:00:00,33,Deportivo Alavés,Real Sociedad de Fútbol,,,SCHEDULED,REGULAR_SEASON,D
2025-04-23 00:00:00,33,FC Barcelona,RCD Mallorca,,,SCHEDULED,REGULAR_SEASON,D
2025-04-23 00:00:00,33,Getafe CF,Real Madrid CF,,,SCHEDULED,REGULAR_SEASON,D
2025-04-23 00:00:00,33,Valencia CF,RCD Espanyol de Barcelona,,,SCHEDULED,REGULAR_SEASON,D
2025-05-04 00:00:00,34,Girona FC,RCD Mallorca,,,SCHEDULED,REGULAR_SEASON,D
2025-05-04 00:00:00,34,Sevilla FC,CD Leganés,,,SCHEDULED,REGULAR_SEASON,D
2025-05-04 00:00:00,34,Villarreal CF,CA Osasuna,,,SCHEDULED,REGULAR_SEASON,D
2025-05-04 00:00:00,34,Rayo Vallecano de Madrid,Getafe CF,,,SCHEDULED,REGULAR_SEASON,D
2025-05-04 00:00:00,34,Real Madrid CF,RC Celta de Vigo,,,SCHEDULED,REGULAR_SEASON,D
2025-05-04 00:00:00,34,Real Sociedad de Fútbol,Athletic Club,,,SCHEDULED,REGULAR_SEASON,D
2025-05-04 00:00:00,34,Real Valladolid CF,FC Barcelona,,,SCHEDULED,REGULAR_SEASON,D
2025-05-04 00:00:00,34,UD Las Palmas,Valencia CF,,,SCHEDULED,REGULAR_SEASON,D
2025-05-04 00:00:00,34,RCD Espanyol de Barcelona,Real Betis Balompié,,,SCHEDULED,REGULAR_SEASON,D
2025-05-04 00:00:00,34,Deportivo Alavés,Club Atlético de Madrid,,,SCHEDULED,REGULAR_SEASON,D
2025-05-11 00:00:00,35,Athletic Club,Deportivo Alavés,,,SCHEDULED,REGULAR_SEASON,D
2025-05-11 00:00:00,35,Club Atlético de Madrid,Real Sociedad de Fútbol,,,SCHEDULED,REGULAR_SEASON,D
2025-05-11 00:00:00,35,Real Betis Balompié,CA Osasuna,,,SCHEDULED,REGULAR_SEASON,D
2025-05-11 00:00:00,35,RC Celta de Vigo,Sevilla FC,,,SCHEDULED,REGULAR_SEASON,D
2025-05-11 00:00:00,35,FC Barcelona,Real Madrid CF,,,SCHEDULED,REGULAR_SEASON,D
2025-05-11 00:00:00,35,Girona FC,Villarreal CF,,,SCHEDULED,REGULAR_SEASON,D
2025-05-11 00:00:00,35,Valencia CF,Getafe CF,,,SCHEDULED,REGULAR_SEASON,D
2025-05-11 00:00:00,35,RCD Mallorca,Real Valladolid CF,,,SCHEDULED,REGULAR_SEASON,D
2025-05-11 00:00:00,35,UD Las Palmas,Rayo Vallecano de Madrid,,,SCHEDULED,REGULAR_SEASON,D
2025-05-11 00:00:00,35,CD Leganés,RCD Espanyol de Barcelona,,,SCHEDULED,REGULAR_SEASON,D
2025-05-14 00:00:00,36,CA Osasuna,Club Atlético de Madrid,,,SCHEDULED,REGULAR_SEASON,D
2025-05-14 00:00:00,36,Deportivo Alavés,Valencia CF,,,SCHEDULED,REGULAR_SEASON,D
2025-05-14 00:00:00,36,Getafe CF,Athletic Club,,,SCHEDULED,REGULAR_SEASON,D
2025-05-14 00:00:00,36,Sevilla FC,UD Las Palmas,,,SCHEDULED,REGULAR_SEASON,D
2025-05-14 00:00:00,36,Villarreal CF,CD Leganés,,,SCHEDULED,REGULAR_SEASON,D
2025-05-14 00:00:00,36,Rayo Vallecano de Madrid,Real Betis Balompié,,,SCHEDULED,REGULAR_SEASON,D
2025-05-14 00:00:00,36,Real Madrid CF,RCD Mallorca,,,SCHEDULED,REGULAR_SEASON,D
2025-05-14 00:00:00,36,Real Sociedad de Fútbol,RC Celta de Vigo,,,SCHEDULED,REGULAR_SEASON,D
2025-05-14 00:00:00,36,Real Valladolid CF,Girona FC,,,SCHEDULED,REGULAR_SEASON,D
2025-05-14 00:00:00,36,RCD Espanyol de Barcelona,FC Barcelona,,,SCHEDULED,REGULAR_SEASON,D
2025-05-18 00:00:00,37,Club Atlético de Madrid,Real Betis Balompié,,,SCHEDULED,REGULAR_SEASON,D
2025-05-18 00:00:00,37,RC Celta de Vigo,Rayo Vallecano de Madrid,,,SCHEDULED,REGULAR_SEASON,D
2025-05-18 00:00:00,37,FC Barcelona,Villarreal CF,,,SCHEDULED,REGULAR_SEASON,D
2025-05-18 00:00:00,37,Sevilla FC,Real Madrid CF,,,SCHEDULED,REGULAR_SEASON,D
2025-05-18 00:00:00,37,Valencia CF,Athletic Club,,,SCHEDULED,REGULAR_SEASON,D
2025-05-18 00:00:00,37,RCD Mallorca,Getafe CF,,,SCHEDULED,REGULAR_SEASON,D
2025-05-18 00:00:00,37,Real Sociedad de Fútbol,Girona FC,,,SCHEDULED,REGULAR_SEASON,D
2025-05-18 00:00:00,37,Real Valladolid CF,Deportivo Alavés,,,SCHEDULED,REGULAR_SEASON,D
2025-05-18 00:00:00,37,UD Las Palmas,CD Leganés,,,SCHEDULED,REGULAR_SEASON,D
2025-05-18 00:00:00,37,CA Osasuna,RCD Espanyol de Barcelona,,,SCHEDULED,REGULAR_SEASON,D
2025-05-25 00:00:00,38,Athletic Club,FC Barcelona,,,SCHEDULED,REGULAR_SEASON,D
2025-05-25 00:00:00,38,Real Betis Balompié,Valencia CF,,,SCHEDULED,REGULAR_SEASON,D
2025-05-25 00:00:00,38,CD Leganés,Real Valladolid CF,,,SCHEDULED,REGULAR_SEASON,D
2025-05-25 00:00:00,38,Deportivo Alavés,CA Osasuna,,,SCHEDULED,REGULAR_SEASON,D
2025-05-25 00:00:00,38,Getafe CF,RC Celta de Vigo,,,SCHEDULED,REGULAR_SEASON,D
2025-05-25 00:00:00,38,Girona FC,Club Atlético de Madrid,,,SCHEDULED,REGULAR_SEASON,D
2025-05-25 00:00:00,38,Villarreal CF,Sevilla FC,,,SCHEDULED,REGULAR_SEASON,D
2025-05-25 00:00:00,38,Rayo Vallecano de Madrid,RCD Mallorca,,,SCHEDULED,REGULAR_SEASON,D
2025-05-25 00:00:00,38,Real Madrid CF,Real Sociedad de Fútbol,,,SCHEDULED,REGULAR_SEASON,D
2025-05-25 00:00:00,38,RCD Espanyol de Barcelona,UD Las Palmas,,,SCHEDULED,REGULAR_SEASON,D
